"STATION","DIVISION","all","LAT","LON","geo_type","State_FIPS","County_FIPS","Tract_FIPS","f_pop","all_pop","p_emp_info","p_f_pop","p_emp_prof","p_75_100k","p_over_100k"
"1 AV","BMT",19409616052,40.7313271,-73.9824354,"establishment","36","061","004400","9661","16684",0.0770687369816323,0.579057779908895,0.226377580003787,0.166,0.396
"103 ST","IND",2344428272,40.7962859,-73.961648,"establishment","36","061","018900","6869","11800",0.0576681989134977,0.582118644067797,0.170079398244881,0.05,0.235
"103 ST","IRT",4382729249,40.7962859,-73.961648,"establishment","36","061","018900","6869","11800",0.0576681989134977,0.582118644067797,0.170079398244881,0.05,0.235
"103 ST-CORONA","IRT",2641087500,40.7498268,-73.862746,"establishment","36","081","040501",NA,NA,NA,NA,NA,NA,NA
"104 ST","BMT",18924221,40.6951456,-73.8443046,"establishment","36","081","002800","1602","3382",0.0336134453781513,0.473684210526316,0.039015606242497,0.077,0.08
"104 ST","IND",71026332239,40.6816389,-73.837776,"establishment","36","081","009400","1399","2810",0.0251968503937008,0.497864768683274,0.0535433070866142,0.106,0.111
"110 ST","IRT",1718958114,40.7948233,-73.9446315,"establishment","36","061","017200","2961","5783",0.0275833676410045,0.512017983745461,0.111568546727048,0.063,0.138
"111 ST","BMT",759762662,40.6844799,-73.8319393,"establishment","36","081","009800","1379","2704",0.016142735768904,0.509985207100592,0.0127442650807137,0.083,0.043
"111 ST","IND",2590529860,40.6844799,-73.8319393,"establishment","36","081","009800","1379","2704",0.016142735768904,0.509985207100592,0.0127442650807137,0.083,0.043
"111 ST","IRT",2359658221,40.6844799,-73.8319393,"establishment","36","081","009800","1379","2704",0.016142735768904,0.509985207100592,0.0127442650807137,0.083,0.043
"116 ST","IND",8201563523,40.79863,-73.94162,"establishment","36","061","018200","4700","8326",0.0357963875205255,0.564496757146289,0.0896551724137931,0.025,0.144
"116 ST","IRT",2660607012,40.8240938,-73.9369517,"establishment","36","061","023600","4871","7530",0.0267680105750165,0.646879150066401,0.0482485128883014,0.142,0.023
"116 ST-COLUMBIA","IRT",49894626886,40.8240938,-73.9369517,"establishment","36","061","023600","4871","7530",0.0267680105750165,0.646879150066401,0.0482485128883014,0.142,0.023
"121 ST","BMT",82135324865,40.7003193,-73.8290986,"establishment","36","081","014400","937","1970",0.0058411214953271,0.475634517766497,0.0210280373831776,0.14,0.109
"125 ST","IND",21312866689,40.8043863,-73.9374292,"establishment","36","061","019600","1802","3895",0.0687022900763359,0.462644415917843,0.0740458015267176,0.058,0.072
"125 ST","IRT",234256921784,40.8043863,-73.9374292,"establishment","36","061","019600","1802","3895",0.0687022900763359,0.462644415917843,0.0740458015267176,0.058,0.072
"135 ST","IND",8089637574,40.817894,-73.947647,"establishment","36","061","022102","1226","2559",0.0348542458808618,0.479093395857757,0.186311787072243,0.099,0.466
"135 ST","IRT",2165105189,40.8240938,-73.9369517,"establishment","36","061","023600","4871","7530",0.0267680105750165,0.646879150066401,0.0482485128883014,0.142,0.023
"137 ST CITY COL","IRT",2806124263,40.821374,-73.954401,"establishment","36","061","022301","4191","8037",0.0299704516673702,0.521463232549459,0.0861122836639932,0.083,0.076
"138/GRAND CONC","IRT",42020644070,40.8132249,-73.9298111,"establishment","36","005","005100","3311","5588",0.0153321976149915,0.59251968503937,0.0164679159568427,0.018,0.006
"14 ST","IND",92058508282,40.7404298,-74.0017765,"establishment","36","061","008100","3663","7762",0.129146477823332,0.471914455037362,0.204435333581811,0.103,0.599
"14 ST","IRT",63632788660,40.7382176,-73.9999361,"establishment","36","061","007700","2891","6117",0.101062627176125,0.47261729606016,0.255482704047027,0.126,0.684
"14 ST-UNION SQ","BMT",8551208954,40.7345371,-73.9903235,"establishment","36","061","006100","2544","4962",0.0955158585490339,0.512696493349456,0.175355450236967,0.083,0.684
"14 ST-UNION SQ","IRT",3442434356,40.7345371,-73.9903235,"establishment","36","061","006100","2544","4962",0.0955158585490339,0.512696493349456,0.175355450236967,0.083,0.684
"145 ST","IND",5087127622,40.826604,-73.9503834,"establishment","36","061","022900","4343","9021",0.0366799413120939,0.481432213723534,0.0490463215258856,0.104,0.098
"145 ST","IRT",7723985928,40.826604,-73.9503834,"establishment","36","061","022900","4343","9021",0.0366799413120939,0.481432213723534,0.0490463215258856,0.104,0.098
"149/GRAND CONC","IRT",12144456011,40.8183248,-73.9274121,"establishment","36","005","005100","3311","5588",0.0153321976149915,0.59251968503937,0.0164679159568427,0.018,0.006
"14TH STREET","PTH",66418443,40.7382176,-73.9999361,"establishment","36","061","007700","2891","6117",0.101062627176125,0.47261729606016,0.255482704047027,0.126,0.684
"15 ST-PROSPECT","IND",5699941065,40.6604292,-73.9797224,"establishment","36","047","016900","2981","5003",0.088046054859465,0.595842494503298,0.245851676261429,0.179,0.344
"155 ST","IND",1389563622,40.8303393,-73.9367212,"establishment","36","061","024302","4822","7783",0,0.619555441346525,0.00539083557951483,0.02,0.026
"157 ST","IRT",637968581,40.8342387,-73.9450796,"establishment","36","061","024100","4270","8229",0.039905599656726,0.518896585247296,0.0770220982621755,0.082,0.123
"161/YANKEE STAD","IND",182644249940,40.8279249,-73.925801,"establishment","36","005","019500","3819","7418",0.0187994722955145,0.514828794823402,0.0306728232189974,0.025,0.059
"161/YANKEE STAD","IRT",72616495065,40.8279249,-73.925801,"establishment","36","005","019500","3819","7418",0.0187994722955145,0.514828794823402,0.0306728232189974,0.025,0.059
"163 ST-AMSTERDM","IND",473261289,40.8356285,-73.9398925,"establishment","36","061","024500","7375","15456",0.00778399416200438,0.477160973084886,0.0890294332279251,0.034,0.036
"167 ST","IND",152426721637,40.8357232,-73.9211957,"establishment","36","005","019700","3805","7165",0.0288867250892567,0.531053733426378,0.0217461863031483,0.067,0.025
"167 ST","IRT",926721462,40.8357232,-73.9211957,"establishment","36","005","019700","3805","7165",0.0288867250892567,0.531053733426378,0.0217461863031483,0.067,0.025
"168 ST","IND",3241040414,40.8408407,-73.9396297,"establishment","36","061","025100","1238","2735",0.0184859154929577,0.452650822669104,0.0440140845070423,0.067,0.034
"168 ST","IRT",230137812,40.8408407,-73.9396297,"establishment","36","061","025100","1238","2735",0.0184859154929577,0.452650822669104,0.0440140845070423,0.067,0.034
"169 ST","IND",1996228420,40.7107146,-73.7930083,"establishment","36","081","046000","3159","6199",0.0296428571428571,0.50959832231005,0.0235714285714286,0.061,0.025
"170 ST","IND",53972606287,40.8400504,-73.9133477,"establishment","36","005","022300","2716","5078",0.00415896487985213,0.534856242615203,0.0212569316081331,0.006,0.005
"170 ST","IRT",2591605006,40.8400763,-73.9179069,"establishment","36","005","021900","488","1045",0.0162271805273834,0.466985645933014,0.0486815415821501,0.025,0
"174-175 STS","IND",629244867,40.846524,-73.9097269,"establishment","36","005","022701","3040","5194",0.00175361683472161,0.58529072006161,0.0320035072336694,0.036,0.012
"174 ST","IRT",29162634780,40.8374448,-73.8878092,"establishment","36","005","015500","1773","2884",0.0205223880597015,0.614771151178918,0.0270522388059701,0.072,0.012
"175 ST","IND",16067817159,40.8464761,-73.9399866,"establishment","36","061","026300","4939","9487",0.0453992703688691,0.520607146621693,0.0158086745034455,0.109,0.054
"176 ST","IRT",15420897174,40.8484577,-73.9117417,"establishment","36","005","022701","3040","5194",0.00175361683472161,0.58529072006161,0.0320035072336694,0.036,0.012
"18 AV","BMT",88378148756,40.6495233,-73.9632839,"establishment","36","047","050600","2772","5653",0.044043321299639,0.490359101362109,0.0667870036101083,0.101,0.114
"18 AV","IND",73016394914,40.6296673,-73.9770029,"establishment","36","047","047600","1768","3800",0.0127986348122867,0.465263157894737,0.0742320819112628,0.028,0.106
"18 ST","IRT",5489092888,40.7410695,-73.9978777,"establishment","36","061","008700","3178","7186",0.110192837465565,0.442248817144448,0.1821854912764,0.121,0.617
"181 ST","IND",2426823642,40.84913,-73.9337289,"establishment","36","061","026900","3979","9073",0.0215677179962894,0.43855395128403,0.0586734693877551,0.063,0.034
"181 ST","IRT",1269520860,40.84913,-73.9337289,"establishment","36","061","026900","3979","9073",0.0215677179962894,0.43855395128403,0.0586734693877551,0.063,0.034
"182-183 STS","IND",62631724997,40.8560934,-73.9010295,"establishment","36","005","023704","2109","3944",0,0.53473630831643,0.00736377025036819,0,0.01
"183 ST","IRT",193458237396,40.8583762,-73.9039137,"establishment","36","005","023900","4103","7684",0.0130304042766455,0.53396668401874,0.0106916137654527,0.005,0.005
"190 ST","IND",61068393277,40.8588858,-73.9342255,"establishment","36","061","028100","1708","3298",0.110509209100758,0.517889630078836,0.182015167930661,0.218,0.306
"191 ST","IRT",29762660586,40.8564197,-73.932621,"establishment","36","061","027900","6461","11803",0.0517082179132041,0.547403202575616,0.0308402585410896,0.076,0.087
"2 AV","IND",5781148004,40.6997972,-73.9500581,"establishment","36","047","050700","1365","2867",0.0443828016643551,0.476107429368678,0.072122052704577,0.022,0.097
"20 AV","BMT",1164371815,40.617271,-73.9847709,"establishment","36","047","025400","2298","4083",0.0914524805738195,0.562821454812638,0.0812910938433951,0.128,0.105
"207 ST","IRT",6756536617,40.8644561,-73.9188505,"establishment","36","061","029900","2166","4072",0.0202854996243426,0.531925343811395,0.00976709241172051,0.015,0.034
"21 ST","IND",195840802,40.7446224,-73.9486362,"establishment","36","081","000702",NA,NA,NA,NA,NA,NA,NA
"21 ST-QNSBRIDGE","IND",3846162618,40.7541777,-73.9424742,"establishment","36","081","002500","4144","7367",0.0285977859778598,0.562508483779015,0.0244464944649446,0.018,0.021
"215 ST","IRT",233152748,40.8695946,-73.9153019,"establishment","36","061","030300","2134","4581",0.0605461020973486,0.465837153459943,0.113969133359715,0.173,0.143
"219 ST","IRT",38492121399,40.883888,-73.8627468,"establishment","36","005","039200","769","1655",0.0400471142520612,0.464652567975831,0.0141342756183746,0.05,0.032
"225 ST","IRT",82413866694,40.8743487,-73.9104331,"establishment","36","061","030900","5750","10663",0.00727673649393605,0.539247866454094,0.0463065049614112,0.047,0.03
"23 ST","BMT",6644635983,40.7412012,-73.9890337,"establishment","36","061","005600","1987","3783",0.0929912963811269,0.525244514935237,0.238662391204764,0.13,0.72
"23 ST","IND",147145514914,40.7412012,-73.9890337,"establishment","36","061","005600","1987","3783",0.0929912963811269,0.525244514935237,0.238662391204764,0.13,0.72
"23 ST","IRT",87811964640,40.7412012,-73.9890337,"establishment","36","061","005600","1987","3783",0.0929912963811269,0.525244514935237,0.238662391204764,0.13,0.72
"231 ST","IRT",2161465421,40.879025,-73.9049309,"establishment","36","005","028900","2555","4773",0.0165145588874402,0.53530274460507,0.0365058670143416,0.094,0.07
"233 ST","IRT",4282977169,40.8932229,-73.8574091,"establishment","36","005","042200","1902","3292",0,0.577764277035237,0.0202565833896016,0.047,0.048
"238 ST","IRT",1071424188,40.8848725,-73.9006842,"establishment","36","005","028300","1510","2618",0.0370762711864407,0.576776165011459,0.0180084745762712,0.035,0.023
"25 AV","BMT",462224153,40.7668562,-73.921323,"establishment","36","081","006300","2927","5185",0.0333333333333333,0.564513018322083,0.138138138138138,0.19,0.192
"25 ST","BMT",917335573,40.5994598,-73.7618448,"establishment","36","081","099200","2164","4191",0.0260930888575458,0.516344547840611,0.035966149506347,0.065,0.073
"28 ST","BMT",1557094911,40.7470686,-73.9935092,"establishment","36","061","009500","1894","3168",0.0584507042253521,0.597853535353535,0.219014084507042,0.149,0.612
"28 ST","IRT",55256029881,40.7433092,-73.9844252,"establishment","36","061","005600","1987","3783",0.0929912963811269,0.525244514935237,0.238662391204764,0.13,0.72
"3 AV","BMT",1107414029,40.7668562,-73.921323,"establishment","36","081","006300","2927","5185",0.0333333333333333,0.564513018322083,0.138138138138138,0.19,0.192
"3 AV-149 ST","IRT",96932167832,40.816129,-73.917811,"establishment","36","005","006500","2530","5312",0.00866634569090034,0.476280120481928,0.0361097737120847,0.036,0.012
"3 AV 138 ST","IRT",86556978956,40.810474,-73.92614,"establishment","36","005","002300","2425","4600",0.0206185567010309,0.527173913043478,0.0191458026509573,0,0
"30 AV","BMT",1372809598,40.7668562,-73.921323,"establishment","36","081","006300","2927","5185",0.0333333333333333,0.564513018322083,0.138138138138138,0.19,0.192
"33 ST","IRT",20367995436,40.7461729,-73.9820093,"establishment","36","061","007400","2162","4175",0.0758788722589628,0.517844311377246,0.216150365471632,0.137,0.616
"33 ST-RAWSON ST","IRT",6610207513,40.7445586,-73.9312333,"establishment","36","081","017902",NA,NA,NA,NA,NA,NA,NA
"34 ST-HERALD SQ","BMT",9570771292,40.7500869,-73.988127,"establishment","36","061","010900","69","182",0.235714285714286,0.379120879120879,0.228571428571429,0.128,0.684
"34 ST-HERALD SQ","IND",128411766585,40.7500869,-73.988127,"establishment","36","061","010900","69","182",0.235714285714286,0.379120879120879,0.228571428571429,0.128,0.684
"34 ST-HUDSON YD","IRT",893218497,40.7549713,-74.0010084,"establishment","36","061","009903",NA,NA,NA,NA,NA,NA,NA
"34 ST-PENN STA","IND",65233405393,40.751056,-73.9903102,"establishment","36","061","010900","69","182",0.235714285714286,0.379120879120879,0.228571428571429,0.128,0.684
"34 ST-PENN STA","IRT",133666693489,40.751056,-73.9903102,"establishment","36","061","010900","69","182",0.235714285714286,0.379120879120879,0.228571428571429,0.128,0.684
"36 AV","BMT",1522620680,40.7668562,-73.921323,"establishment","36","081","006300","2927","5185",0.0333333333333333,0.564513018322083,0.138138138138138,0.19,0.192
"36 ST","BMT",2241614874,40.6545065,-74.0042335,"establishment","36","047","008400","1853","3879",0.0184615384615385,0.477700438257283,0.0425641025641026,0.091,0.081
"36 ST","IND",4535023766,40.6545065,-74.0042335,"establishment","36","047","008400","1853","3879",0.0184615384615385,0.477700438257283,0.0425641025641026,0.091,0.081
"39 AV","BMT",371800616,40.7526897,-73.9328056,"establishment","36","081","003100","536","986",0.0238907849829352,0.543610547667343,0.0904436860068259,0.094,0.092
"4 AV-9 ST","IND",1197425186,40.6701803,-73.9892915,"establishment","36","047","012100","1014","2020",0.117737003058104,0.501980198019802,0.158256880733945,0.164,0.235
"40 ST LOWERY ST","IRT",2560151920,40.7438729,-73.9242341,"establishment","36","081","018101","1716","3576",0.0435,0.479865771812081,0.081,0.139,0.091
"42 ST-BRYANT PK","IND",91212206161,40.7548368,-73.9841215,"establishment","36","061","008400","1000","1956",0.0623188405797101,0.511247443762781,0.246376811594203,0.127,0.581
"42 ST-PORT AUTH","IND",316252133913,40.7578346,-73.9914626,"bus_station","36","061","011500","1523","3779",0.0526714664645699,0.403016671077005,0.151951496779083,0.14,0.485
"45 ST","BMT",592213053,40.6493612,-74.0095916,"establishment","36","047","008000","1716","3746",0.0580743759551707,0.458088627869728,0.0901681100356597,0.037,0.136
"46 ST","IND",785526831,40.7567515,-73.9142118,"establishment","36","081","015300","1002","1976",0.0609022556390977,0.507085020242915,0.114285714285714,0.158,0.143
"46 ST BLISS ST","IRT",2734423417,40.7430692,-73.9182376,"establishment","36","081","025301","2129","4201",0.0413476263399694,0.506784099024042,0.106814701378254,0.088,0.071
"47-50 STS ROCK","IND",94166221183,40.75885,-73.9811861,"establishment","36","061","009600","38","141",0.142857142857143,0.269503546099291,0.180451127819549,0.041,0.639
"49 ST","BMT",4185305207,40.7604939,-73.9837436,"establishment","36","061","012500","1107","2407",0.109216835375599,0.459908599916909,0.225892381459776,0.097,0.589
"4AV-9 ST","BMT",10716508985,40.6701803,-73.9892915,"establishment","36","047","012100","1014","2020",0.117737003058104,0.501980198019802,0.158256880733945,0.164,0.235
"5 AV/53 ST","IND",4580347757,40.760257,-73.9754704,"establishment","36","061","010200","32","100",0,0.32,0.15625,0.281,0.298
"5 AV/59 ST","BMT",6540111479,40.762824,-73.967562,"establishment","36","061","011402","964","1795",0.0627659574468085,0.537047353760446,0.230851063829787,0.106,0.626
"5 AVE","IRT",6057537385,40.7614242,-73.984006,"establishment","36","061","013100","1291","2696",0.0622448979591837,0.478857566765579,0.193367346938775,0.127,0.626
"50 ST","BMT",559322283,40.7614242,-73.984006,"establishment","36","061","013100","1291","2696",0.0622448979591837,0.478857566765579,0.193367346938775,0.127,0.626
"50 ST","IND",29208051781,40.7614242,-73.984006,"establishment","36","061","013100","1291","2696",0.0622448979591837,0.478857566765579,0.193367346938775,0.127,0.626
"50 ST","IRT",2868453449,40.7614242,-73.984006,"establishment","36","061","013100","1291","2696",0.0622448979591837,0.478857566765579,0.193367346938775,0.127,0.626
"51 ST","IRT",28394432866,40.757135,-73.9719119,"establishment","36","061","010000","1063","1768",0.0674662668665667,0.601244343891403,0.308095952023988,0.247,0.453
"52 ST","IRT",1034388667,40.7442902,-73.9121748,"establishment","36","081","025302","1403","2998",0.0804195804195804,0.467978652434957,0.0879120879120879,0.049,0.094
"53 ST","BMT",5240171863,40.760257,-73.9754704,"establishment","36","061","010200","32","100",0,0.32,0.15625,0.281,0.298
"55 ST","BMT",556225328,40.6315514,-73.9956328,"establishment","36","047","024000","2526","4562",0.0390173410404624,0.553704515563349,0.0563583815028902,0.106,0.079
"57 ST","IND",1587081162,40.7655439,-73.9803258,"establishment","36","061","013700","3291","6419",0.0617540217955371,0.512696681726126,0.234820965230929,0.117,0.649
"57 ST-7 AV","BMT",41057859796,40.7655439,-73.9803258,"establishment","36","061","013700","3291","6419",0.0617540217955371,0.512696681726126,0.234820965230929,0.117,0.649
"59 ST","BMT",3335288221,40.6415685,-74.0176783,"establishment","36","047","007400","2466","5280",0.0216216216216216,0.467045454545455,0.0766584766584767,0.064,0.092
"59 ST","IRT",55348126215,40.762824,-73.967562,"establishment","36","061","011402","964","1795",0.0627659574468085,0.537047353760446,0.230851063829787,0.106,0.626
"59 ST COLUMBUS","IND",89227143080,40.7684839,-73.981807,"establishment","36","061","014500","3089","5960",0.0505291908501195,0.518288590604027,0.158757255035848,0.071,0.713
"59 ST COLUMBUS","IRT",44717466168,40.7687804,-73.9821154,"establishment","36","061","014500","3089","5960",0.0505291908501195,0.518288590604027,0.158757255035848,0.071,0.713
"6 AV","BMT",51484570586,40.7373654,-73.9968452,"establishment","36","061","008100","3663","7762",0.129146477823332,0.471914455037362,0.204435333581811,0.103,0.599
"61 ST WOODSIDE","IRT",79857297192,40.7457078,-73.902904,"establishment","36","081","026100","3408","6644",0,0.512944009632751,0.0571428571428571,0.033,0.026
"63 DR-REGO PARK","IND",2575990899,40.7304297,-73.8623672,"establishment","36","081","071701","2786","5026",0.094188376753507,0.554317548746518,0.149098196392786,0.174,0.24
"65 ST","IND",1025460888,40.7491462,-73.8974687,"establishment","36","081","026300","3048","6402",0.0678300954889694,0.47610121836926,0.0309515969706948,0.066,0.105
"66 ST-LINCOLN","IRT",7529836898,40.7736972,-73.9822288,"establishment","36","061","014900","2769","4973",0.0932175075175409,0.556806756485019,0.201135983962579,0.109,0.614
"67 AV","IND",2107456197,40.7270427,-73.8531493,"establishment","36","081","071303","2712","5367",0.0209205020920502,0.505310229178312,0.1664674237896,0.17,0.248
"68ST-HUNTER CO","IRT",3149414641,40.7678741,-73.9638866,"establishment","36","061","012000","1823","3056",0.0423102753525856,0.596531413612565,0.236400268636669,0.098,0.677
"69 ST","IRT",1289382613,40.7462906,-73.8963229,"establishment","36","081","026300","3048","6402",0.0678300954889694,0.47610121836926,0.0309515969706948,0.066,0.105
"7 AV","BMT",1587109853,40.6773274,-73.9725591,"establishment","36","047","016100","1599","3235",0.152328767123288,0.494281298299845,0.293150684931507,0.105,0.464
"7 AV","IND",1857362660,40.6773274,-73.9725591,"establishment","36","047","016100","1599","3235",0.152328767123288,0.494281298299845,0.293150684931507,0.105,0.464
"71 ST","BMT",1187913355,40.6196212,-73.998777,"establishment","36","047","026200","1260","2550",0.018018018018018,0.494117647058824,0.0333333333333333,0.097,0.198
"72 ST","IND",1047470314,40.7686869,-73.9584429,"establishment","36","061","012602",NA,NA,NA,NA,NA,NA,NA
"72 ST","IRT",32018818100,40.7686869,-73.9584429,"establishment","36","061","012602",NA,NA,NA,NA,NA,NA,NA
"72 ST-2 AVE","IND",6105089462,40.7686869,-73.9584429,"establishment","36","061","012602",NA,NA,NA,NA,NA,NA,NA
"74 ST-BROADWAY","IRT",674065013,40.746739,-73.8909986,"establishment","36","081","026700","3006","5894",0.0113868613138686,0.510010179843909,0.042043795620438,0.024,0.052
"75 AV","IND",20061735476,40.71833,-73.837326,"establishment","36","081","076901","2239","4127",0.0518768452129903,0.542524836442937,0.180936313791649,0.14,0.385
"75 ST-ELDERTS","BMT",298575063,40.6914365,-73.8665512,"establishment","36","081","000200","1590","3208",0.00396600566572238,0.495635910224439,0.0453257790368272,0.126,0.061
"77 ST","BMT",1367825238,40.7736346,-73.9598294,"establishment","36","061","014000","4201","7529",0.0754985754985755,0.557975826803028,0.245014245014245,0.114,0.613
"77 ST","IRT",11141265585,40.7736346,-73.9598294,"establishment","36","061","014000","4201","7529",0.0754985754985755,0.557975826803028,0.245014245014245,0.114,0.613
"79 ST","BMT",4194562937,40.6134959,-74.0005379,"establishment","36","047","026400","2211","4776",0.0197262479871176,0.462939698492462,0.0877616747181965,0.069,0.114
"79 ST","IRT",24340853103,40.783934,-73.979917,"establishment","36","061","016700","3512","6303",0.0918094218415418,0.557194986514358,0.220021413276231,0.095,0.68
"8 AV","BMT",26148842458,40.7404298,-74.0017765,"establishment","36","061","008100","3663","7762",0.129146477823332,0.471914455037362,0.204435333581811,0.103,0.599
"8 ST-NYU","BMT",4656915013,40.7306065,-73.9924416,"establishment","36","061","005900","2883","5475",0.0925024342745862,0.526575342465753,0.176890619928595,0.153,0.571
"80 ST","IND",5731887372,40.6793295,-73.8590167,"establishment","36","081","004401","1915","3865",0.0239263803680982,0.495472186287193,0.0233128834355828,0.1,0.123
"81 ST-MUSEUM","IND",5406872470,40.7819786,-73.9720136,"establishment","36","061","016500","3446","6323",0.0592650103519669,0.544994464652855,0.240165631469979,0.102,0.642
"82 ST-JACKSON H","IRT",1541734267,40.747659,-73.883697,"establishment","36","081","028300","4172","7601",0.0318686624818928,0.548875148006841,0.0886045388701111,0.114,0.11
"85 ST-FOREST PK","BMT",916954855,40.6924861,-73.8590708,"establishment","36","081","001000","1999","4230",0.00725294650951949,0.4725768321513,0.0303717135086129,0.106,0.072
"86 ST","BMT",2186449001,40.7777409,-73.9515672,"establishment","36","061","014601","2076","4268",0.0606340412434595,0.486410496719775,0.172976300400123,0.146,0.52
"86 ST","IND",1097577065,40.7777409,-73.9515672,"establishment","36","061","014601","2076","4268",0.0606340412434595,0.486410496719775,0.172976300400123,0.146,0.52
"86 ST","IRT",51987599280,40.7852685,-73.9695849,"establishment","36","061","016900","4492","8418",0.0656693219351078,0.533618436683298,0.22129395764523,0.081,0.574
"86 ST-2 AVE","IND",2657056661,40.7777409,-73.9515672,"establishment","36","061","014601","2076","4268",0.0606340412434595,0.486410496719775,0.172976300400123,0.146,0.52
"88 ST","IND",250875899,40.6997972,-73.9500581,"establishment","36","047","050700","1365","2867",0.0443828016643551,0.476107429368678,0.072122052704577,0.022,0.097
"9 AV","BMT",1312279797,40.7668562,-73.921323,"establishment","36","081","006300","2927","5185",0.0333333333333333,0.564513018322083,0.138138138138138,0.19,0.192
"90 ST-ELMHURST","IRT",3021715771,40.7484367,-73.8765289,"establishment","36","081","027701",NA,NA,NA,NA,NA,NA,NA
"96 ST","IND",1350412774,40.7858701,-73.9509347,"establishment","36","061","015802","2372","4519",0.0520710059171598,0.524894888249613,0.183826429980276,0.123,0.412
"96 ST","IRT",34918944364,40.7941912,-73.9721368,"establishment","36","061","018300","3978","7270",0.102391304347826,0.547180192572215,0.206086956521739,0.103,0.534
"96 ST-2 AVE","IND",768851763,40.7858701,-73.9509347,"establishment","36","061","015802","2372","4519",0.0520710059171598,0.524894888249613,0.183826429980276,0.123,0.412
"9TH STREET","PTH",18600467,40.7342315,-73.998802,"establishment","36","061","006300","3604","6492",0.107672301690507,0.555144793592113,0.223407022106632,0.131,0.596
"ALABAMA AV","BMT",359689729,40.6768953,-73.8994119,"establishment","36","047","119800","1568","3017",0.0308370044052863,0.519721577726218,0.0352422907488987,0.078,0.068
"ALLERTON AV","IRT",959055624,40.8653937,-73.8672655,"establishment","36","005","033000","2868","5885",0.0246628131021195,0.487340696686491,0.0485549132947977,0.043,0.009
"AQUEDUCT N.COND","IND",277353261,40.6692611,-73.8346661,"establishment","36","081","008800","1976","3845",0.0117508813160987,0.513914174252276,0.0887191539365452,0.199,0.179
"AQUEDUCT RACETR","IND",2313835480,40.6722068,-73.8357272,"establishment","36","081","086400","1386","2734",0.0454873646209386,0.506949524506218,0.0425992779783394,0.115,0.07
"ASTOR PL","IRT",1014473683,40.7300946,-73.9908418,"establishment","36","061","005700","1451","2769",0.107291049199763,0.524015890213073,0.256668642560759,0.112,0.723
"ASTORIA BLVD","BMT",2819254601,40.7668562,-73.921323,"establishment","36","081","006300","2927","5185",0.0333333333333333,0.564513018322083,0.138138138138138,0.19,0.192
"ASTORIA DITMARS","BMT",1504372855,40.7750119,-73.91211,"establishment","36","081","011500","1304","2513",0.0577489687684149,0.518901711102268,0.14614024749558,0.147,0.148
"ATL AV-BARCLAY","BMT",28708329866,40.6837598,-73.9787574,"establishment","36","047","003900","1295","2364",0.0754716981132075,0.547800338409476,0.214959568733154,0.161,0.413
"ATL AV-BARCLAY","IRT",10013638366,40.8043688,-73.9374712,"establishment","36","061","019600","1802","3895",0.0687022900763359,0.462644415917843,0.0740458015267176,0.058,0.072
"ATLANTIC AV","BMT",164464309,40.675554,-73.9030576,"establishment","36","047","114400","1627","2394",0.0144014401440144,0.679615705931495,0.0414041404140414,0.065,0.035
"AVENUE H","BMT",5042404879,40.6297445,-73.9616617,"establishment","36","047","053200","1533","2740",0.0105633802816901,0.559489051094891,0.0783450704225352,0.149,0.166
"AVENUE I","IND",442175129,40.6253361,-73.9760393,"establishment","36","047","046202","1069","2041",0.0287206266318538,0.523762861342479,0.087467362924282,0.165,0.188
"AVENUE J","BMT",982563414,40.6252684,-73.9607296,"establishment","36","047","053200","1533","2740",0.0105633802816901,0.559489051094891,0.0783450704225352,0.149,0.166
"AVENUE M","BMT",4870845102,40.6180725,-73.9593745,"establishment","36","047","076800","1686","3183",0.0392576730906495,0.529688972667295,0.0742326909350464,0.123,0.091
"AVENUE N","IND",55652901381,40.6997972,-73.9500581,"establishment","36","047","050700","1365","2867",0.0443828016643551,0.476107429368678,0.072122052704577,0.022,0.097
"AVENUE P","IND",588667387,40.6997972,-73.9500581,"establishment","36","047","050700","1365","2867",0.0443828016643551,0.476107429368678,0.072122052704577,0.022,0.097
"AVENUE U","BMT",5040507557,40.5993,-73.955929,"establishment","36","047","058000","2050","4129",0.0373975409836066,0.496488253814483,0.0584016393442623,0.078,0.088
"AVENUE U","IND",61861613429,40.5968465,-73.973351,"establishment","36","047","039800","1463","2737",0,0.534526854219949,0.0486763450042699,0.142,0.167
"AVENUE X","IND",144790948,40.5896822,-73.9742509,"establishment","36","047","030800","932","1988",0,0.468812877263582,0.07625,0.105,0.128
"B'WAY-LAFAYETTE","IND",83097835941,40.7250151,-73.9956959,"establishment","36","061","004300","2058","3931",0.0457329522253981,0.523530908165861,0.350347080440996,0.143,0.393
"BAY 50 ST","BMT",559866350,40.5888329,-73.9838481,"establishment","36","047","030600","892","1702",0.0218508997429306,0.524089306698002,0.0951156812339332,0.107,0.146
"BAY PKWY","BMT",89859326926,40.61188,-73.9818711,"establishment","36","047","043200","2212","4323",0.0203373015873016,0.511681702521397,0.0337301587301587,0.085,0.115
"BAY PKWY","IND",208769897,40.6209813,-73.9753623,"establishment","36","047","046202","1069","2041",0.0287206266318538,0.523762861342479,0.087467362924282,0.165,0.188
"BAY RIDGE-95 ST","BMT",12470242300,40.6167174,-74.0308527,"establishment","36","047","005800","1543","3092",0.0522832561217737,0.499029754204398,0.0926538716082065,0.162,0.208
"BAY RIDGE AV","BMT",66416787786,40.634968,-74.023376,"establishment","36","047","013000","2407","5028",0.0549450549450549,0.478719172633254,0.0879120879120879,0.181,0.225
"BAYCHESTER AV","IRT",86757499143,40.8874908,-73.8313873,"establishment","36","005","048401",NA,NA,NA,NA,NA,NA,NA
"BEACH 105 ST","IND",4997324861,40.5832071,-73.8273751,"establishment","36","081","093800","2463","5024",0.024609843937575,0.490246815286624,0.031812725090036,0.254,0.138
"BEACH 25 ST","IND",27189310508,40.5994598,-73.7618448,"establishment","36","081","099200","2164","4191",0.0260930888575458,0.516344547840611,0.035966149506347,0.065,0.073
"BEACH 36 ST","IND",125326509,40.595532,-73.7681238,"establishment","36","081","099200","2164","4191",0.0260930888575458,0.516344547840611,0.035966149506347,0.065,0.073
"BEACH 44 ST","IND",106876659,40.5929209,-73.7759484,"establishment","36","081","097202","1904","3170",0.00491159135559921,0.600630914826498,0.0284872298624754,0.058,0.026
"BEACH 60 ST","IND",5192854932,40.59244,-73.789283,"establishment","36","081","096400","2990","6021",0.0203674121405751,0.496595249958479,0.0555111821086262,0.159,0.146
"BEACH 67 ST","IND",533479121,40.5909714,-73.7963169,"establishment","36","081","095400","3137","5793",0.037691949744067,0.541515622302779,0.0451372731503025,0.179,0.143
"BEACH 90 ST","IND",281948809,40.5878487,-73.8140238,"establishment","36","081","094202","2350","4590",0.0268935236004391,0.5119825708061,0.0587266739846323,0.115,0.125
"BEACH 98 ST","IND",214706495,40.5854889,-73.8203521,"establishment","36","081","094201","1349","3280",0.0469630557294928,0.411280487804878,0.0582341891045711,0.111,0.171
"BEDFORD-NOSTRAN","IND",11467710482,40.6898534,-73.9516398,"establishment","36","047","024100","1456","2707",0.0685714285714286,0.537864794975988,0.161269841269841,0.167,0.209
"BEDFORD AV","BMT",3701935259,40.7177978,-73.9575171,"establishment","36","047","055300","1495","2953",0.102755721625409,0.506264815441923,0.237272302662307,0.145,0.369
"BEDFORD PK BLVD","IND",424418274,40.8732636,-73.8871965,"establishment","36","005","041100","1874","3766",0.0040650406504065,0.497610196494955,0.0152439024390244,0.033,0.013
"BEDFORD PK BLVD","IRT",147803164,40.8732636,-73.8871965,"establishment","36","005","041100","1874","3766",0.0040650406504065,0.497610196494955,0.0152439024390244,0.033,0.013
"BERGEN ST","IND",1179341567,40.6808734,-73.9751446,"establishment","36","047","012902","1294","2390",0.0935849056603774,0.541422594142259,0.265660377358491,0.164,0.414
"BERGEN ST","IRT",622082149,40.6808734,-73.9751446,"establishment","36","047","012902","1294","2390",0.0935849056603774,0.541422594142259,0.265660377358491,0.164,0.414
"BEVERLEY ROAD","BMT",495971804,40.6442398,-73.9645254,"establishment","36","047","152200","1890","3737",0.0642250530785563,0.505753278030506,0.141188959660297,0.166,0.312
"BEVERLY RD","IRT",3494829968,40.6442398,-73.9645254,"establishment","36","047","152200","1890","3737",0.0642250530785563,0.505753278030506,0.141188959660297,0.166,0.312
"BLEECKER ST","IRT",1582895909,40.725914,-73.994659,"establishment","36","061","005502","940","2059",0.110668789808917,0.456532297231666,0.182324840764331,0.078,0.691
"BOROUGH HALL","BMT",4345490988,40.6931492,-73.9900883,"establishment","36","047","001100","602","1359",0.0696428571428571,0.442972774098602,0.308928571428571,0.132,0.577
"BOROUGH HALL","IRT",4942862696,40.6931492,-73.9900883,"establishment","36","047","001100","602","1359",0.0696428571428571,0.442972774098602,0.308928571428571,0.132,0.577
"BOTANIC GARDEN","BMT",254834704,40.866555,-73.883109,"establishment","36","005","039700","2133","3881",0.0168810289389068,0.54960061839732,0.0377813504823151,0.056,0.082
"BOWERY","BMT",549572910,40.7201669,-73.9935279,"establishment","36","061","001800","3257","7490",0.0554592720970537,0.434846461949266,0.178757118098539,0.119,0.22
"BOWLING GREEN","IRT",99549384437,40.7048108,-74.0144596,"establishment","36","061","001300","2600","4639",0.0423800168397418,0.560465617589998,0.311535223126579,0.16,0.592
"BRIARWOOD","IND",851895180,40.7096808,-73.8195688,"establishment","36","081","022001","3365","6124",0.0397682380826969,0.549477465708687,0.0787463787200421,0.197,0.153
"BRIGHTON BEACH","BMT",3369879510,40.5776648,-73.9612769,"establishment","36","047","036200","1675","3290",0.0126666666666667,0.509118541033435,0.054,0.064,0.085
"BROAD CHANNEL","IND",62703005,40.6079998,-73.8158045,"establishment","36","081","107201","1040","2254",0.00560224089635854,0.461401952085182,0.0317460317460317,0.211,0.231
"BROAD ST","BMT",533538400,40.7070097,-74.0107831,"establishment","36","061","000700","5037","8809",0.0721146741539826,0.571801566579634,0.31668390719669,0.152,0.55
"BROADWAY","BMT",2550293825,40.7751681,-73.912009,"establishment","36","081","011500","1304","2513",0.0577489687684149,0.518901711102268,0.14614024749558,0.147,0.148
"BROADWAY","IND",880548622,40.7055238,-73.9500956,"establishment","36","047","051100","2074","4262",0.125889679715302,0.48662599718442,0.202402135231317,0.162,0.187
"BROADWAY JCT","IND",2354673852,40.6789137,-73.9039,"establishment","36","047","036700","670","1333",0.0354706684856753,0.502625656414104,0.053206002728513,0.057,0.111
"BRONX PARK EAST","IRT",40791336223,40.848986,-73.8683877,"establishment","36","005","023000","1498","2832",0.015993265993266,0.528954802259887,0.0151515151515152,0.061,0.093
"BROOK AV","IRT",1051759226,40.807568,-73.919243,"establishment","36","005","003900","3436","6742",0.0202725157859754,0.509641056066449,0.0232635427052177,0.054,0.05
"BROOKLYN BRIDGE","IRT",20828407280,40.7060855,-73.9968643,"establishment","36","061","001501","3667","6993",0.0665610142630745,0.524381524381524,0.274167987321712,0.11,0.52
"BUHRE AV","IRT",378124729,40.8469121,-73.8323569,"establishment","36","005","026602","2864","5207",0.00964489259096887,0.550028807374688,0.0118369136343709,0.229,0.084
"BURKE AV","IRT",448508789,40.8714516,-73.8670726,"establishment","36","005","037400","2123","3838",0.0118453865336658,0.553152683689422,0.0349127182044888,0.02,0.021
"BURNSIDE AV","IRT",25629418774,40.8860786,-73.8787861,"establishment","36","005","043503",NA,NA,NA,NA,NA,NA,NA
"BUSHWICK AV","BMT",298897715,40.6823373,-73.9051413,"establishment","36","047","040500","793","1670",0.0359869138495093,0.474850299401198,0.0872410032715376,0.067,0.057
"CANAL ST","BMT",128830730277,40.719528,-74.001778,"establishment","36","061","004700","1019","2236",0.0723291307232913,0.455724508050089,0.309887193098872,0.192,0.478
"CANAL ST","IND",40474653965,40.719528,-74.001778,"establishment","36","061","004700","1019","2236",0.0723291307232913,0.455724508050089,0.309887193098872,0.192,0.478
"CANAL ST","IRT",573398753,40.719528,-74.001778,"establishment","36","061","004700","1019","2236",0.0723291307232913,0.455724508050089,0.309887193098872,0.192,0.478
"CANARSIE-ROCKAW","BMT",3335560635,40.645567,-73.9025641,"establishment","36","047","097400","1684","2873",0.0136363636363636,0.586146884789419,0.00727272727272727,0.085,0.036
"CARROLL ST","IND",111138944953,40.6793313,-73.9954833,"establishment","36","047","007700","2589","5172",0.143754130865829,0.500580046403712,0.209187045604759,0.198,0.472
"CASTLE HILL AV","IRT",1053978916,40.834296,-73.851684,"establishment","36","005","020601","1226","2336",0.0294426919032597,0.524828767123288,0.0620399579390116,0.105,0.081
"CATHEDRAL PKWY","IND",3648380871,40.8008803,-73.958392,"establishment","36","061","019702","1260","2602",0.0356448476992871,0.48424289008455,0.112767336357745,0.205,0.279
"CATHEDRAL PKWY","IRT",939148138,40.8041795,-73.9667097,"establishment","36","061","019900","4883","8724",0.106652587117212,0.559720311783586,0.12909186906019,0.082,0.455
"CENTRAL AV","BMT",357337674,40.6978289,-73.9273632,"establishment","36","047","042300","2113","4222",0.0446808510638298,0.500473709142586,0.117872340425532,0.103,0.071
"CENTRAL PK N110","IRT",15797373250,40.7812199,-73.9665138,"establishment","36","061","014300","3","3",NA,1,NA,-6666666.66,-6666666.66
"CHAMBERS ST","BMT",1384781965,40.7143048,-74.0084412,"establishment","36","061","002100","2962","6486",0.0533789113857481,0.456675917360469,0.199053378911386,0.087,0.739
"CHAMBERS ST","IND",34183872742,40.7143048,-74.0084412,"establishment","36","061","002100","2962","6486",0.0533789113857481,0.456675917360469,0.199053378911386,0.087,0.739
"CHAMBERS ST","IRT",91975973162,40.7143048,-74.0084412,"establishment","36","061","002100","2962","6486",0.0533789113857481,0.456675917360469,0.199053378911386,0.087,0.739
"CHAUNCEY ST","BMT",296308097,40.682892,-73.910454,"establishment","36","047","036900","2684","5907",0.048820852296235,0.454376163873371,0.0496483243690525,0.071,0.029
"CHRISTOPHER ST","IRT",1773229683,40.7335784,-74.0028728,"establishment","36","061","007300","2787","5887",0.0905679259444583,0.473416001358926,0.341005754315737,0.104,0.524
"CHRISTOPHER ST","PTH",43638013,40.7330508,-74.0070578,"establishment","36","061","007500","1936","3689",0.103906564639549,0.524803469775007,0.209021345147,0.134,0.664
"CHURCH AV","BMT",3725917116,40.6495233,-73.9632839,"establishment","36","047","050600","2772","5653",0.044043321299639,0.490359101362109,0.0667870036101083,0.101,0.114
"CHURCH AV","IND",7336774550,40.6495233,-73.9632839,"establishment","36","047","050600","2772","5653",0.044043321299639,0.490359101362109,0.0667870036101083,0.101,0.114
"CHURCH AV","IRT",40134160600,40.6495233,-73.9632839,"establishment","36","047","050600","2772","5653",0.044043321299639,0.490359101362109,0.0667870036101083,0.101,0.114
"CITY / BUS","PTH",149509099,40.7569006,-73.9902798,"bus_station","36","061","011500","1523","3779",0.0526714664645699,0.403016671077005,0.151951496779083,0.14,0.485
"CITY HALL","BMT",13787082059,40.7135245,-74.0067101,"establishment","36","061","003100","1437","2659",0.0401125967628431,0.540428732606243,0.200562983814215,0.069,0.673
"CLARK ST","IRT",1107435534,40.697468,-73.993088,"establishment","36","047","000501","2566","4419",0.0878850102669405,0.580674360715094,0.242299794661191,0.149,0.634
"CLASSON AV","IND",2146138349,40.6888172,-73.9598574,"establishment","36","047","023300","3031","5252",0.0775524724297403,0.577113480578827,0.12059765208111,0.151,0.222
"CLEVELAND ST","BMT",448605621,40.679947,-73.884636,"establishment","36","047","116800","1094","2012",0.00513347022587269,0.543737574552684,0.0657084188911704,0.117,0.057
"CLINTON-WASH AV","IND",7382650813,40.6880915,-73.9675499,"establishment","36","047","019700","1865","3615",0.14271701814615,0.515905947441217,0.19127023050515,0.236,0.404
"CONEY IS-STILLW","BMT",27918692590,40.6136033,-73.9631313,"route","36","047","044200","1562","2950",0.0170940170940171,0.529491525423729,0.0607787274453941,0.08,0.376
"CORTELYOU RD","BMT",472290379,40.6412697,-73.9639694,"establishment","36","047","052000","2271","4297",0.0680728667305849,0.528508261577845,0.0642377756471716,0.088,0.203
"CORTLANDT ST","BMT",107099982214,40.7110056,-74.010763,"establishment","36","061","001300","2600","4639",0.0423800168397418,0.560465617589998,0.311535223126579,0.16,0.592
"COURT SQ","IND",112979255506,40.7467885,-73.944548,"establishment","36","081","001901",NA,NA,NA,NA,NA,NA,NA
"COURT SQ","IRT",5653887829,40.8043688,-73.9374712,"establishment","36","061","019600","1802","3895",0.0687022900763359,0.462644415917843,0.0740458015267176,0.058,0.072
"COURT SQ-23 ST","IND",221147530,40.7467885,-73.944548,"establishment","36","081","001901",NA,NA,NA,NA,NA,NA,NA
"CRESCENT ST","BMT",299355043,40.6834641,-73.872933,"establishment","36","047","117602","1675","3000",0.0110544217687075,0.558333333333333,0.0578231292517007,0,0.083
"CROWN HTS-UTICA","IRT",10097136197,40.6689469,-73.9318338,"establishment","36","047","035101",NA,NA,NA,NA,NA,NA,NA
"CYPRESS AV","IRT",8203269232,40.8052426,-73.9137116,"establishment","36","005","002702","2414","4702",0,0.513398553806891,0.0410958904109589,0.012,0
"CYPRESS HILLS","BMT",316591889,40.689941,-73.872551,"establishment","36","047","118201","1476","2859",0.0214231063504208,0.516264428121721,0.0657995409334353,0.124,0.031
"DEKALB AV","BMT",271049806296,40.6897553,-73.9811407,"establishment","36","047","003300","1849","3705",0.112495134293499,0.499055330634278,0.239782016348774,0.159,0.489
"DELANCEY/ESSEX","BMT",1599977494,40.7185592,-73.9881894,"establishment","36","061","001800","3257","7490",0.0554592720970537,0.434846461949266,0.178757118098539,0.119,0.22
"DELANCEY/ESSEX","IND",1820282981,40.7185592,-73.9881894,"establishment","36","061","001800","3257","7490",0.0554592720970537,0.434846461949266,0.178757118098539,0.119,0.22
"DITMAS AV","IND",3314485764,40.635536,-73.9781422,"establishment","36","047","047800","2072","4538",0.0180337405468296,0.456588805641252,0.0296684118673647,0.084,0.147
"DYCKMAN ST","IND",1399192839,40.86549,-73.927269,"establishment","36","061","028700","2138","4090",0.0505716798592788,0.522738386308068,0.0690413368513632,0.123,0.079
"DYCKMAN ST","IRT",390368807,40.8609685,-73.9252991,"establishment","36","061","028300","4158","7781",0.0310771661838293,0.534378614573962,0.0676850144851198,0.1,0.058
"E 143/ST MARY'S","IRT",250030744,40.8082006,-73.9078528,"establishment","36","005","003300","2016","3534",0.0349819059107358,0.570458404074703,0.04583835946924,0,0.06
"E 149 ST","IRT",645739478,40.8149146,-73.9148828,"route","36","005","007100","1499","2722",0.00791765637371338,0.550698016164585,0.0356294536817102,0.154,0.07
"E 180 ST","IRT",878410344,40.841892,-73.873489,"establishment","36","005","022000","1079","2243",0.00593824228028504,0.481052162282657,0.00831353919239905,0,0.018
"EAST 105 ST","BMT",1050596246,40.6513735,-73.8990028,"establishment","36","047","109800","1285","2331",0,0.551265551265551,0.0288372093023256,0.084,0.044
"EAST BROADWAY","IND",6589039719,40.713871,-73.9900382,"establishment","36","061","000600","5143","9731",0.0275705481673694,0.52851711026616,0.111579630230295,0.057,0.128
"EASTCHSTER/DYRE","IRT",88708827632,40.8874908,-73.8313873,"establishment","36","005","048401",NA,NA,NA,NA,NA,NA,NA
"EASTN PKWY-MUSM","IRT",48019734323,40.6719938,-73.9642065,"establishment","36","047","017700","0","0",NA,NA,NA,-6666666.66,-6666666.66
"ELDER AV","IRT",560220587,40.828583,-73.879158,"establishment","36","005","005002","2760","5519",0,0.500090596122486,0.0138490926456543,0.032,0.016
"ELMHURST AV","IND",134140643523,40.7484367,-73.8765289,"establishment","36","081","027701",NA,NA,NA,NA,NA,NA,NA
"EUCLID AV","IND",881514393,40.6754013,-73.8719033,"establishment","36","047","119600","2437","4867",0.0167675826734979,0.500719128826793,0.0307405682347462,0.094,0.057
"EXCHANGE PLACE","PTH",134673781,40.71676,-74.03238,"establishment","34","017","007400",NA,NA,NA,NA,NA,NA,NA
"FAR ROCKAWAY","IND",164510256,40.6077352,-73.75177,"establishment","36","081","103202","3846","8076",0.0209048361934477,0.476225854383358,0.0705148205928237,0.15,0.186
"FLATBUSH AV-B.C","IRT",59759035024,40.630641,-73.9453548,"route","36","047","077400","2069","3620",0.028,0.571546961325967,0.0925714285714286,0.126,0.051
"FLUSHING-MAIN","IRT",6733623189,40.7595582,-73.8299221,"establishment","36","081","085300","2955","5103",0.0106194690265487,0.57907113462669,0.0805309734513274,0.052,0.1
"FLUSHING AV","BMT",1580470925,40.7003285,-73.9412453,"establishment","36","047","028501","164","462",0.0722021660649819,0.354978354978355,0.176895306859206,0.023,0.139
"FLUSHING AV","IND",462913263,40.6997972,-73.9500581,"establishment","36","047","050700","1365","2867",0.0443828016643551,0.476107429368678,0.072122052704577,0.022,0.097
"FORDHAM RD","IND",1213595587,40.8628946,-73.9010935,"establishment","36","005","026500","3771","7615",0.00421348314606742,0.495206828627708,0.0185393258426966,0.021,0.017
"FORDHAM RD","IRT",76203715454,40.8628946,-73.9010935,"establishment","36","005","026500","3771","7615",0.00421348314606742,0.495206828627708,0.0185393258426966,0.021,0.017
"FOREST AVE","BMT",482823537,40.704422,-73.903076,"establishment","36","081","058900","2416","5021",0.020259319286872,0.481179047998407,0.0482171799027553,0.095,0.047
"FOREST HILLS 71","IND",4744191265,40.721691,-73.844521,"establishment","36","081","073900","3421","5968",0.0707882534775889,0.573223860589812,0.219474497681607,0.251,0.412
"FRANKLIN AV","IND",3461395791,40.6707618,-73.9581029,"establishment","36","047","021700","2331","3962",0.0749185667752443,0.588339222614841,0.140065146579805,0.154,0.171
"FRANKLIN AV","IRT",25481933439,40.7190006,-74.0066793,"establishment","36","061","003300","2694","5241",0.116725295810681,0.514024041213509,0.229613047649504,0.152,0.675
"FRANKLIN ST","IRT",1187361723,40.7190006,-74.0066793,"establishment","36","061","003300","2694","5241",0.116725295810681,0.514024041213509,0.229613047649504,0.152,0.675
"FREEMAN ST","IRT",7611654350,40.8301745,-73.8917088,"establishment","36","005","012300","2082","4095",0.016870273414776,0.508424908424908,0.0529377545084351,0.05,0.029
"FRESH POND RD","BMT",1174431675,40.706231,-73.895939,"establishment","36","081","061301","3146","6111",0.025388765471279,0.514809360170185,0.0710885433195811,0.168,0.07
"FT HAMILTON PKY","BMT",1003029151,40.6332646,-74.0052219,"route","36","047","021400","1133","2252",0.00627615062761506,0.503108348134991,0.00836820083682008,0.061,0.055
"FT HAMILTON PKY","IND",23222279229,40.6497808,-73.9757703,"establishment","36","047","050001",NA,NA,NA,NA,NA,NA,NA
"FULTON ST","BMT",131762337200,40.7106484,-74.0092956,"establishment","36","061","001300","2600","4639",0.0423800168397418,0.560465617589998,0.311535223126579,0.16,0.592
"FULTON ST","IND",29432747627,40.7093627,-74.0084614,"establishment","36","061","001502","3769","7926",0.0732098325614535,0.475523593237446,0.294620591378696,0.184,0.486
"FULTON ST","IRT",28870274953,40.709373,-74.0083258,"establishment","36","061","001502","3769","7926",0.0732098325614535,0.475523593237446,0.294620591378696,0.184,0.486
"GATES AV","BMT",266416898,40.6896184,-73.9222369,"establishment","36","047","039700","1869","3417",0.0571783716594158,0.546971027216857,0.0677439403356122,0.082,0.084
"GRAHAM AV","BMT",1734463142,40.7145263,-73.9443818,"establishment","36","047","049700","1377","2882",0.0826931766832354,0.477793199167245,0.250338906461817,0.21,0.277
"GRAND-NEWTOWN","IND",3632375673,40.7370102,-73.8783366,"establishment","36","081","047300","2247","4356",0.0314547837483617,0.515840220385675,0.0755788553953692,0.068,0.14
"GRAND ARMY PLAZ","IRT",1318715202,40.675236,-73.971046,"establishment","36","047","015900","2622","5314",0.0802583025830258,0.493413624388408,0.273677736777368,0.256,0.4
"GRAND ST","BMT",876734063,40.711977,-73.940708,"establishment","36","047","049500","1224","2654",0.12855579868709,0.461190655614167,0.221006564551422,0.081,0.283
"GRAND ST","IND",12871188588,40.718172,-73.9934136,"establishment","36","061","001800","3257","7490",0.0554592720970537,0.434846461949266,0.178757118098539,0.119,0.22
"GRANT AV","IND",51724856559,40.6768777,-73.8653462,"establishment","36","047","120200","961","1971",0,0.487569761542364,0.0106241699867198,0.087,0.04
"GRD CNTRL-42 ST","IRT",105176118451,40.7558611,-73.987061,"establishment","36","061","011300","27","110",0.0921052631578947,0.245454545454545,0.355263157894737,0.453,0.297
"GREENPOINT AV","IND",894368555,40.6997972,-73.9500581,"establishment","36","047","050700","1365","2867",0.0443828016643551,0.476107429368678,0.072122052704577,0.022,0.097
"GROVE STREET","PTH",158524260,40.7196062,-74.0426387,"establishment","34","017","007002",NA,NA,NA,NA,NA,NA,NA
"GUN HILL RD","IRT",115233822195,40.8777392,-73.8663046,"establishment","36","005","037800","1679","3033",0.0224,0.553577316188592,0,0,0.126
"HALSEY ST","BMT",5301934533,40.6957775,-73.9044092,"establishment","36","047","043900","1836","3706",0.0945330296127563,0.495412844036697,0.0888382687927107,0.177,0.077
"HARLEM 148 ST","IRT",515219033,40.8240504,-73.9369385,"establishment","36","061","023600","4871","7530",0.0267680105750165,0.646879150066401,0.0482485128883014,0.142,0.023
"HARRISON","PTH",70679790,40.7394438,-74.1558766,"establishment","34","017","013800",NA,NA,NA,NA,NA,NA,NA
"HEWES ST","BMT",551560739,40.7068229,-73.953427,"establishment","36","047","052900","1655","3721",0.00776531492666091,0.444772910507928,0.0448662640207075,0.039,0.073
"HIGH ST","IND",115698129631,40.6994297,-73.9914094,"establishment","36","047","000100","2237","4473",0.0348601540332387,0.500111781801923,0.146331576813944,0.202,0.511
"HOUSTON ST","IRT",1644264105,40.7286024,-74.0053168,"establishment","36","061","003700","1301","2579",0.164259927797834,0.504459092671578,0.250300842358604,0.118,0.631
"HOWARD BCH JFK","IND",344140654,40.660476,-73.830301,"establishment","36","081","088400","4267","8248",0.0308321964529332,0.517337536372454,0.0384720327421555,0.176,0.24
"HOYT-SCHER","IND",1905239092,40.6497808,-73.9757703,"establishment","36","047","050001",NA,NA,NA,NA,NA,NA,NA
"HOYT ST","IRT",1216874532,40.6905349,-73.9850204,"establishment","36","047","001502",NA,NA,NA,NA,NA,NA,NA
"HUNTERS PT AV","IRT",25558591542,40.7424176,-73.9481564,"establishment","36","081","001901",NA,NA,NA,NA,NA,NA,NA
"HUNTS POINT AV","IRT",76467689826,40.8208037,-73.8908812,"establishment","36","005","011900","2781","5557",0.00869565217391304,0.500449883030412,0.00358056265984655,0.048,0.006
"INTERVALE AV","IRT",510266027,40.8222642,-73.8968106,"establishment","36","005","012901","2211","4147",0.0123076923076923,0.53315649867374,0.0492307692307692,0.011,0.08
"INWOOD-207 ST","IND",12416220454,40.8676635,-73.9212009,"establishment","36","061","029300","5120","8869",0.00259495163953763,0.577291690156726,0.0419910356216089,0.05,0.056
"JACKSON AV","IRT",139618408223,40.7426713,-73.9537248,"establishment","36","081","000701",NA,NA,NA,NA,NA,NA,NA
"JAMAICA 179 ST","IND",115088352330,40.7126442,-73.7838184,"establishment","36","081","046800","1682","3221",0.00625,0.522198075131947,0.0569444444444444,0.057,0.092
"JAMAICA CENTER","IND",56402950468,40.7026611,-73.7997605,"establishment","36","081","044601","1771","3144",0.0086848635235732,0.563295165394402,0.0353598014888337,0.05,0.025
"JAMAICA VAN WK","IND",701250470,40.7027409,-73.8172514,"establishment","36","081","014202","1470","2767",0.0146222583265638,0.531261293820022,0.0219333874898457,0.112,0.087
"JAY ST-METROTEC","BMT",16524428365,40.6923458,-73.987257,"establishment","36","047","001100","602","1359",0.0696428571428571,0.442972774098602,0.308928571428571,0.132,0.577
"JAY ST-METROTEC","IND",12287522273,40.6923458,-73.987257,"establishment","36","047","001100","602","1359",0.0696428571428571,0.442972774098602,0.308928571428571,0.132,0.577
"JEFFERSON ST","BMT",603296018,40.7070754,-73.9238689,"establishment","36","047","044700","1351","2378",0.0717299578059072,0.568124474348192,0.122362869198312,0.126,0.169
"JFK JAMAICA CT1","IND",140738877,40.700822,-73.8079243,"establishment","36","081","021200","1095","2324",0,0.471170395869191,0.0273972602739726,0.022,0.053
"JKSN HT-ROOSVLT","IND",6359096090,40.746739,-73.8909986,"establishment","36","081","026700","3006","5894",0.0113868613138686,0.510010179843909,0.042043795620438,0.024,0.052
"JOURNAL SQUARE","PTH",194699268,40.73265,-74.0626901,"establishment","34","017","001900",NA,NA,NA,NA,NA,NA,NA
"JUNCTION BLVD","IRT",2581304028,40.749203,-73.8693365,"establishment","36","081","037502",NA,NA,NA,NA,NA,NA,NA
"JUNIUS ST","IRT",642332412,40.6634442,-73.9029117,"establishment","36","047","091000","2589","4250",0,0.609176470588235,0.0584269662921348,0,0.148
"KEW GARDENS","IND",4968617562,40.7141955,-73.8309659,"establishment","36","081","077300","1128","2091",0.0991596638655462,0.539454806312769,0.128571428571429,0.192,0.176
"KINGS HWY","BMT",85307807877,40.6086735,-73.9578112,"establishment","36","047","055200","1774","3296",0.0407523510971787,0.538228155339806,0.0884012539184953,0.153,0.182
"KINGS HWY","IND",5118800815,40.6086735,-73.9578112,"establishment","36","047","055200","1774","3296",0.0407523510971787,0.538228155339806,0.0884012539184953,0.153,0.182
"KINGSBRIDGE RD","IND",53109869074,40.8677601,-73.8973028,"establishment","36","005","026500","3771","7615",0.00421348314606742,0.495206828627708,0.0185393258426966,0.021,0.017
"KINGSBRIDGE RD","IRT",1617082441,40.8677601,-73.8973028,"establishment","36","005","026500","3771","7615",0.00421348314606742,0.495206828627708,0.0185393258426966,0.021,0.017
"KINGSTON-THROOP","IND",577802891,40.6798265,-73.9411294,"establishment","36","047","027100","1316","2775",0.0449352627570449,0.474234234234234,0.0875856816450876,0.099,0.179
"KINGSTON AV","IRT",1510968818,40.6692845,-73.9422927,"establishment","36","047","033702",NA,NA,NA,NA,NA,NA,NA
"KNICKERBOCKER","BMT",552314420,40.6987489,-73.9197228,"establishment","36","047","043100","2326","4936",0.0587803085966201,0.471231766612642,0.131153563556209,0.081,0.043
"KOSCIUSZKO ST","BMT",644595141,40.6932868,-73.9288263,"establishment","36","047","028900","1956","3870",0.0413223140495868,0.505426356589147,0.0974025974025974,0.176,0.018
"LACKAWANNA","PTH",62796226,40.7349823,-74.0275921,"establishment","34","017","018301",NA,NA,NA,NA,NA,NA,NA
"LAFAYETTE AV","IND",81270788305,40.6863222,-73.9744759,"establishment","36","047","003500","1089","1892",0.0688372093023256,0.575581395348837,0.184186046511628,0.216,0.368
"LEXINGTON AV/53","IND",112677279467,40.760257,-73.9754704,"establishment","36","061","010200","32","100",0,0.32,0.15625,0.281,0.298
"LEXINGTON AV/63","IND",75455317550,40.764629,-73.966113,"establishment","36","061","012000","1823","3056",0.0423102753525856,0.596531413612565,0.236400268636669,0.098,0.677
"LIBERTY AV","IND",306051466,40.6744035,-73.8965181,"establishment","36","047","119800","1568","3017",0.0308370044052863,0.519721577726218,0.0352422907488987,0.078,0.068
"LIVONIA AV","BMT",335997693,40.66404,-73.900574,"establishment","36","047","091000","2589","4250",0,0.609176470588235,0.0584269662921348,0,0.148
"LONGWOOD AV","IRT",31594428066,40.8163341,-73.8962431,"establishment","36","005","008500","3335","5972",0.0101899027327466,0.558439383791025,0.0273274664196387,0.055,0.013
"LORIMER ST","BMT",1128773199,40.7142374,-73.9493118,"establishment","36","047","050100","1758","3174",0.127853881278539,0.553875236294896,0.190766108574328,0.188,0.356
"MARBLE HILL-225","IRT",356683962,40.8743487,-73.9104331,"establishment","36","061","030900","5750","10663",0.00727673649393605,0.539247866454094,0.0463065049614112,0.047,0.03
"MARCY AV","BMT",6368077308,40.7085154,-73.9578546,"establishment","36","047","052500","1815","3451",0.0772200772200772,0.525934511735729,0.142857142857143,0.117,0.143
"METROPOLITAN AV","BMT",7439629439,40.7177978,-73.9575171,"establishment","36","047","055300","1495","2953",0.102755721625409,0.506264815441923,0.237272302662307,0.145,0.369
"METROPOLITAN AV","IND",1191149909,40.6997972,-73.9500581,"establishment","36","047","050700","1365","2867",0.0443828016643551,0.476107429368678,0.072122052704577,0.022,0.097
"METS-WILLETS PT","IRT",65303138067,40.7547262,-73.8456568,"establishment","36","081","038302","0","0",NA,NA,NA,-6666666.66,-6666666.66
"MIDDLETOWN RD","IRT",506221824,40.843915,-73.8361681,"establishment","36","005","026602","2864","5207",0.00964489259096887,0.550028807374688,0.0118369136343709,0.229,0.084
"MONTROSE AV","BMT",12107051213,40.7077716,-73.9398633,"establishment","36","047","049302",NA,NA,NA,NA,NA,NA,NA
"MORGAN AV","BMT",26760785016,40.7060759,-73.93371,"establishment","36","047","048500","1102","2614",0.149716055756324,0.421576128538638,0.1672689726381,0.086,0.136
"MORISN AV/SNDVW","IRT",388373196,40.8240938,-73.9369517,"establishment","36","061","023600","4871","7530",0.0267680105750165,0.646879150066401,0.0482485128883014,0.142,0.023
"MORRIS PARK","IRT",397864065,40.854539,-73.8602974,"establishment","36","005","024800","1523","3053",0.0204620462046205,0.498853586636096,0.0224422442244224,0.155,0.114
"MOSHOLU PKWY","IRT",1943347707,40.8797547,-73.8845616,"establishment","36","005","041900","3423","6822",0.0172920065252855,0.501759014951627,0.0208809135399674,0.029,0.032
"MT EDEN AV","IRT",526729657,40.8445245,-73.9145989,"establishment","36","005","022702","723","1617",0.0221565731166913,0.447124304267161,0.0443131462333826,0.033,0
"MYRTLE-WILLOUGH","IND",1166516555,40.6954671,-73.9492203,"establishment","36","047","025700","977","2136",0.0428954423592493,0.457397003745318,0.140303842716711,0.095,0.055
"MYRTLE-WYCKOFF","BMT",72518520119,40.699686,-73.9117713,"establishment","36","047","043900","1836","3706",0.0945330296127563,0.495412844036697,0.0888382687927107,0.177,0.077
"MYRTLE AV","BMT",1920366880,40.699736,-73.9096327,"route","36","081","054900","2726","5999",0.00438459129345443,0.45440906817803,0.0883181960538678,0.085,0.044
"NASSAU AV","IND",543588022,40.7238304,-73.9506401,"establishment","36","047","056900","815","1580",0.132596685082873,0.515822784810127,0.211786372007366,0.229,0.375
"NECK RD","BMT",4671448729,40.5951531,-73.9550266,"establishment","36","047","058600","1448","2901",0.00882352941176471,0.499138228197173,0.0573529411764706,0.157,0.122
"NEPTUNE AV","IND",347332170,40.581131,-73.97457,"establishment","36","047","035400","3048","5503",0.00620636152055857,0.553879701980738,0.109387121799845,0.083,0.167
"NEREID AV","IRT",412199922,40.8043688,-73.9374712,"establishment","36","061","019600","1802","3895",0.0687022900763359,0.462644415917843,0.0740458015267176,0.058,0.072
"NEVINS ST","IRT",558975897,40.6882938,-73.9805205,"establishment","36","047","003700","830","1681",0.107289107289107,0.493753718024985,0.337428337428337,0.147,0.584
"NEW LOTS","BMT",7409048948,40.6588826,-73.899213,"establishment","36","047","092000","1542","2677",0,0.576017930519238,0.0118343195266272,0.157,0
"NEW LOTS AV","IRT",1671850781,40.6649921,-73.9229085,"establishment","36","047","090000","2801","4269",0.0215916101172116,0.656125556336379,0.0370141887723627,0.069,0.046
"NEW UTRECHT AV","BMT",702622848,40.6255554,-73.9967859,"establishment","36","047","025000","800","1755",0.0187891440501044,0.455840455840456,0.0354906054279749,0.096,0.067
"NEWARK BM BW","PTH",92107998,40.7126452,-74.009898,"establishment","36","061","002100","2962","6486",0.0533789113857481,0.456675917360469,0.199053378911386,0.087,0.739
"NEWARK C","PTH",47119524,40.7126452,-74.009898,"establishment","36","061","002100","2962","6486",0.0533789113857481,0.456675917360469,0.199053378911386,0.087,0.739
"NEWARK HM HE","PTH",6228030,40.7126452,-74.009898,"establishment","36","061","002100","2962","6486",0.0533789113857481,0.456675917360469,0.199053378911386,0.087,0.739
"NEWARK HW BMEBE","PTH",27601648,40.7126452,-74.009898,"establishment","36","061","002100","2962","6486",0.0533789113857481,0.456675917360469,0.199053378911386,0.087,0.739
"NEWKIRK AV","IRT",2017501054,40.639969,-73.94841,"establishment","36","047","083000","3589","6184",0.00255102040816327,0.580368693402329,0.00669642857142857,0.115,0.016
"NEWKIRK PLAZA","BMT",2170511304,40.6349893,-73.9627801,"establishment","36","047","052000","2271","4297",0.0680728667305849,0.528508261577845,0.0642377756471716,0.088,0.203
"NORTHERN BLVD","IND",1104232693,40.7531164,-73.9071111,"establishment","36","081","025500","677","1439",0.0848153214774282,0.470465601111883,0.0629274965800274,0.09,0.097
"NORWOOD 205 ST","IND",20966493884,40.8741411,-73.8775224,"establishment","36","005","042300","2414","4500",0.0174363807728558,0.536444444444444,0.0301602262016965,0.05,0.069
"NORWOOD AV","BMT",575983147,40.6817068,-73.8791274,"establishment","36","047","117400","2185","4465",0.0274327122153209,0.48936170212766,0.0232919254658385,0.044,0.072
"NOSTRAND AV","IND",1701240553,40.6697408,-73.9507388,"establishment","36","047","032100","2933","5582",0.040327868852459,0.525438910784665,0.113770491803279,0.098,0.141
"NOSTRAND AV","IRT",82492910,40.6697408,-73.9507388,"establishment","36","047","032100","2933","5582",0.040327868852459,0.525438910784665,0.113770491803279,0.098,0.141
"OCEAN PKWY","BMT",815918544,40.576313,-73.968498,"establishment","36","047","036200","1675","3290",0.0126666666666667,0.509118541033435,0.054,0.064,0.085
"ORCHARD BEACH","IND",20789328,40.8672934,-73.7922928,"establishment","36","005","050400","128","222",0,0.576576576576577,0,0,0.143
"OZONE PK LEFFRT","IND",1314036458,40.6859188,-73.8257938,"establishment","36","081","010600","2065","3963",0.0319752449716349,0.521069896543023,0.038164002062919,0.093,0.052
"PARK PLACE","BMT",1072574767,40.7132422,-74.0092559,"establishment","36","061","002100","2962","6486",0.0533789113857481,0.456675917360469,0.199053378911386,0.087,0.739
"PARK PLACE","IRT",152166387,40.7132422,-74.0092559,"establishment","36","061","002100","2962","6486",0.0533789113857481,0.456675917360469,0.199053378911386,0.087,0.739
"PARKCHESTER","IRT",10917356986,40.8332116,-73.8610088,"establishment","36","005","007200","2907","5891",0,0.493464607027669,0.0470639032815199,0.077,0.069
"PARKSIDE AV","BMT",1764713408,40.655293,-73.961494,"establishment","36","047","079802","3202","5683",0.0677220756376429,0.563434805560443,0.138375842861331,0.148,0.099
"PARSONS BLVD","IND",1422768289,40.707714,-73.8028238,"establishment","36","081","023600","1542","3198",0.0173374613003096,0.482176360225141,0.0371517027863777,0.078,0.067
"PATH NEW WTC","PTH",213058734,40.7126452,-74.009898,"establishment","36","061","002100","2962","6486",0.0533789113857481,0.456675917360469,0.199053378911386,0.087,0.739
"PATH WTC 2","PTH",10525611,40.7126452,-74.009898,"establishment","36","061","002100","2962","6486",0.0533789113857481,0.456675917360469,0.199053378911386,0.087,0.739
"PAVONIA/NEWPORT","PTH",62366190,40.72699,-74.03383,"establishment","34","017","007701",NA,NA,NA,NA,NA,NA,NA
"PELHAM BAY PARK","IRT",7672694440,40.8529307,-73.8270555,"establishment","36","005","027600","4","4",NA,1,NA,-6666666.66,-6666666.66
"PELHAM PKWY","IRT",39248876103,40.6649921,-73.9229085,"establishment","36","047","090000","2801","4269",0.0215916101172116,0.656125556336379,0.0370141887723627,0.069,0.046
"PENNSYLVANIA AV","IRT",337457039,40.6646911,-73.8941747,"establishment","36","047","112600","1950","3395",0.0162361623616236,0.574374079528719,0.0103321033210332,0.084,0.01
"PRESIDENT ST","IRT",421245205,40.6681585,-73.9506586,"establishment","36","047","031900","1683","3128",0.078706957132818,0.53804347826087,0.118763176387913,0.164,0.042
"PRINCE ST","BMT",3153744208,40.7242323,-73.997806,"establishment","36","061","004900","2183","4410",0.0694347522679693,0.495011337868481,0.28960223307746,0.152,0.511
"PROSPECT AV","BMT",1442802898,40.6654137,-73.9929259,"establishment","36","047","014300","1939","3469",0.0773455377574371,0.558950706255405,0.14187643020595,0.209,0.239
"PROSPECT AV","IRT",3956149541,40.6654137,-73.9929259,"establishment","36","047","014300","1939","3469",0.0773455377574371,0.558950706255405,0.14187643020595,0.209,0.239
"PROSPECT PARK","BMT",69125791720,40.6608941,-73.9621229,"establishment","36","047","032700","1378","2465",0.0624566273421235,0.559026369168357,0.0860513532269257,0.152,0.106
"QUEENS PLAZA","IND",6953681158,40.7488451,-73.9374357,"establishment","36","081","001902",NA,NA,NA,NA,NA,NA,NA
"QUEENSBORO PLZ","IRT",1435282123,40.750582,-73.940202,"establishment","36","081","001902",NA,NA,NA,NA,NA,NA,NA
"RALPH AV","IND",1220970549,40.6787336,-73.9215528,"establishment","36","047","030100","1595","2924",0.0581196581196581,0.545485636114911,0.0247863247863248,0.144,0.125
"RECTOR ST","BMT",6124847677,40.7077432,-74.0129838,"establishment","36","061","001300","2600","4639",0.0423800168397418,0.560465617589998,0.311535223126579,0.16,0.592
"RECTOR ST","IRT",1826613979,40.7077432,-74.0129838,"establishment","36","061","001300","2600","4639",0.0423800168397418,0.560465617589998,0.311535223126579,0.16,0.592
"RIT-MANHATTAN","RIT",54781563,43.0844955,-77.6749311,"establishment","36","055","013103","2445","6345",0.0315589353612167,0.385342789598109,0.0711026615969582,0.148,0.137
"RIT-ROOSEVELT","RIT",340158735,40.7615945,-73.964576,"establishment","36","061","011000","3840","6909",0.0514864282636794,0.555796786799826,0.165230504093063,0.163,0.551
"ROCKAWAY AV","IND",623028799,40.6625632,-73.9089054,"establishment","36","047","091200","3359","5587",0.0250737463126844,0.601217111150886,0,0.068,0
"ROCKAWAY AV","IRT",152449300,40.6625632,-73.9089054,"establishment","36","047","091200","3359","5587",0.0250737463126844,0.601217111150886,0,0.068,0
"ROCKAWAY BLVD","IND",6587084457,40.6803958,-73.8438385,"establishment","36","081","008600","1446","2823",0.0168895144264602,0.512221041445271,0.0548909218859958,0.142,0.114
"ROCKAWAY PARK B","IND",4459175185,40.5805469,-73.8374249,"establishment","36","081","093800","2463","5024",0.024609843937575,0.490246815286624,0.031812725090036,0.254,0.138
"ROOSEVELT ISLND","IND",731517228,40.7591215,-73.9533188,"establishment","36","061","023804",NA,NA,NA,NA,NA,NA,NA
"SARATOGA AV","IRT",3725323829,40.6615729,-73.9160543,"establishment","36","047","089400","1698","3082",0.00702106318956871,0.550940947436729,0.0491474423269809,0.147,0
"SENECA AVE","BMT",353048249,40.7028022,-73.9077234,"establishment","36","081","054900","2726","5999",0.00438459129345443,0.45440906817803,0.0883181960538678,0.085,0.044
"SHEEPSHEAD BAY","BMT",2163913142,40.5867923,-73.9542423,"establishment","36","047","060600","1436","2777",0.0113821138211382,0.517104789341015,0.0845528455284553,0.134,0.061
"SHEPHERD AV","IND",396510937,40.6741306,-73.8808073,"establishment","36","047","116600","1614","2904",0.00446096654275093,0.555785123966942,0.0431226765799256,0.079,0.052
"SIMPSON ST","IRT",22493135578,40.8409821,-73.8738849,"establishment","36","005","022000","1079","2243",0.00593824228028504,0.481052162282657,0.00831353919239905,0,0.018
"SMITH-9 ST","IND",413081258,40.6739071,-73.9965515,"establishment","36","047","011902",NA,NA,NA,NA,NA,NA,NA
"SOUTH FERRY","IRT",6878924106,40.7017294,-74.0129572,"establishment","36","061","000900","783","1731",0.0844409695074277,0.452339688041594,0.243158717748241,0.067,0.688
"SPRING ST","IND",15374913394,40.7257799,-74.0039521,"establishment","36","061","003700","1301","2579",0.164259927797834,0.504459092671578,0.250300842358604,0.118,0.631
"SPRING ST","IRT",1460276058,40.722301,-73.997139,"establishment","36","061","004500","487","1015",0.0849420849420849,0.479802955665025,0.181467181467181,0.07,0.591
"ST LAWRENCE AV","IRT",42806218936,40.8315326,-73.8672593,"establishment","36","005","007000","2389","4584",0.00943396226415094,0.521160558464223,0.00838574423480084,0.06,0.005
"ST. GEORGE","SRT",52517266956,40.84913,-73.9337289,"establishment","36","061","026900","3979","9073",0.0215677179962894,0.43855395128403,0.0586734693877551,0.063,0.034
"STEINWAY ST","IND",2809126114,40.7567049,-73.9206646,"establishment","36","081","015700","579","1294",0.0196319018404908,0.447449768160742,0.14601226993865,0.123,0.113
"STERLING ST","IRT",800590583,40.6632908,-73.951044,"establishment","36","047","032900","3459","6224",0.0407190022010271,0.555751928020565,0.181951577402788,0.103,0.078
"SUTPHIN-ARCHER","IND",11837682222,40.700822,-73.8079243,"establishment","36","081","021200","1095","2324",0,0.471170395869191,0.0273972602739726,0.022,0.053
"SUTPHIN BLVD","IND",990722410,40.7055477,-73.8097056,"establishment","36","081","023800","2180","4743",0,0.459624710099093,0.0417028670721112,0.059,0.063
"SUTTER AV","BMT",182474802,40.6649921,-73.9229085,"establishment","36","047","090000","2801","4269",0.0215916101172116,0.656125556336379,0.0370141887723627,0.069,0.046
"SUTTER AV-RUTLD","IRT",821863310,40.6649921,-73.9229085,"establishment","36","047","090000","2801","4269",0.0215916101172116,0.656125556336379,0.0370141887723627,0.069,0.046
"THIRTY ST","PTH",55439662,40.7342315,-73.998802,"establishment","36","061","006300","3604","6492",0.107672301690507,0.555144793592113,0.223407022106632,0.131,0.596
"THIRTY THIRD ST","PTH",182956782,40.7485781,-73.9886664,"establishment","36","061","007600","1076","1991",0.0497581202487906,0.540431943746861,0.267449896337249,0.241,0.451
"TIMES SQ-42 ST","BMT",1252591395,40.7558611,-73.987061,"establishment","36","061","011300","27","110",0.0921052631578947,0.245454545454545,0.355263157894737,0.453,0.297
"TIMES SQ-42 ST","IRT",151867987841,40.7558611,-73.987061,"establishment","36","061","011300","27","110",0.0921052631578947,0.245454545454545,0.355263157894737,0.453,0.297
"TOMPKINSVILLE","SRT",105651903,40.6376266,-74.0750289,"establishment","36","085","002100","2095","4061",0.070430733410943,0.515882787490766,0.0552968568102445,0.121,0.101
"TREMONT AV","IND",25401458910,40.8405859,-73.8796649,"establishment","36","005","036100","3381","5547",0,0.609518658734451,0.0255727224294086,0.013,0.046
"TWENTY THIRD ST","PTH",37725343,40.7412012,-73.9890337,"establishment","36","061","005600","1987","3783",0.0929912963811269,0.525244514935237,0.238662391204764,0.13,0.72
"UNION ST","BMT",1205808733,40.6771729,-73.9832467,"establishment","36","047","011901",NA,NA,NA,NA,NA,NA,NA
"UTICA AV","IND",6692613198,40.6689469,-73.9318338,"establishment","36","047","035101",NA,NA,NA,NA,NA,NA,NA
"V.CORTLANDT PK","IRT",26971718280,40.8899597,-73.8982401,"establishment","36","005","028500","1835","3527",0.0529595015576324,0.520272185993762,0.137590861889927,0.146,0.17
"VAN SICLEN AV","BMT",672385108,40.6727422,-73.8903155,"establishment","36","047","115200","1702","3080",0.0111876075731497,0.552597402597403,0.0258175559380379,0.11,0.024
"VAN SICLEN AV","IRT",662768252,40.6654424,-73.8891273,"establishment","36","047","112400","1701","3316",0,0.512967430639324,0.058645707376058,0.153,0.034
"VAN SICLEN AVE","IND",579451292,40.6727422,-73.8903155,"establishment","36","047","115200","1702","3080",0.0111876075731497,0.552597402597403,0.0258175559380379,0.11,0.024
"VERNON-JACKSON","IRT",2203198650,40.7426713,-73.9537248,"establishment","36","081","000701",NA,NA,NA,NA,NA,NA,NA
"W 4 ST-WASH SQ","IND",4446711756,40.7311137,-74.0012233,"establishment","36","061","006500","3434","6423",0.038160469667319,0.534641133426748,0.173189823874755,0.143,0.48
"W 8 ST-AQUARIUM","BMT",600251520,40.576126,-73.975937,"establishment","36","047","035400","3048","5503",0.00620636152055857,0.553879701980738,0.109387121799845,0.083,0.167
"WAKEFIELD/241","IRT",965751199,40.9035209,-73.8504209,"establishment","36","005","041400","2887","5163",0.00537412153782555,0.559171024598102,0.0475403059115337,0.08,0.084
"WALL ST","IRT",17243017602,40.7063965,-74.0094441,"establishment","36","061","000700","5037","8809",0.0721146741539826,0.571801566579634,0.31668390719669,0.152,0.55
"WEST FARMS SQ","IRT",24087936854,40.8405859,-73.8796649,"establishment","36","005","036100","3381","5547",0,0.609518658734451,0.0255727224294086,0.013,0.046
"WESTCHESTER SQ","IRT",806227513,40.8401247,-73.8428258,"establishment","36","005","020000","2480","4548",0.0187065740245858,0.545294635004398,0.071084981293426,0.089,0.086
"WHITEHALL S-FRY","BMT",11966365107,40.7017178,-74.0129499,"establishment","36","061","000900","783","1731",0.0844409695074277,0.452339688041594,0.243158717748241,0.067,0.688
"WHITLOCK AV","IRT",365473749,40.8240938,-73.9369517,"establishment","36","061","023600","4871","7530",0.0267680105750165,0.646879150066401,0.0482485128883014,0.142,0.023
"WILSON AV","BMT",847749294,40.6887823,-73.9046724,"establishment","36","047","040900","1811","3534",0.0225603357817419,0.512450481041313,0.0461699895068206,0.036,0.044
"WINTHROP ST","IRT",1254166168,40.6571773,-73.9500546,"establishment","36","047","080400","1806","3283",0.0610412926391382,0.550106609808102,0.0287253141831239,0.089,0.096
"WOODHAVEN BLVD","BMT",2076992105,40.6939097,-73.8513927,"establishment","36","081","002000","945","1873",0.00848356309650053,0.504538174052322,0.0795334040296925,0.157,0.092
"WOODHAVEN BLVD","IND",1453696567,40.7333477,-73.8704271,"establishment","36","081","068300","2033","4091",0.00576923076923077,0.49694451234417,0.115384615384615,0.103,0.072
"WOODLAWN","IRT",1364494676,40.886037,-73.878751,"establishment","36","005","043101",NA,NA,NA,NA,NA,NA,NA
"WORLD TRADE CTR","IND",35237979702,40.7126452,-74.009898,"establishment","36","061","002100","2962","6486",0.0533789113857481,0.456675917360469,0.199053378911386,0.087,0.739
"WTC-CORTLANDT","IRT",30977812657,40.7117347,-74.0121198,"establishment","36","061","001300","2600","4639",0.0423800168397418,0.560465617589998,0.311535223126579,0.16,0.592
"YORK ST","IND",1239539767,40.7013482,-73.9866001,"establishment","36","047","002100","2559","5143",0.108581974776992,0.497569511958001,0.282989849277145,0.15,0.644
"ZEREGA AV","IRT",109600483,40.8368105,-73.8466696,"establishment","36","005","020200","1161","2252",0.0334645669291339,0.515541740674956,0.0452755905511811,0.075,0.043
